"tr","lambda.env","alpha.env","lambda.sp","alpha.sp","lr","hidden.ind","drop","acti.sp","lambda.bio","alpha.bio","AUC.train_mean","ll.train_mean","nagel.train_mean","plr.train_mean","cor.train_mean","AUC.valid_mean","ll.valid_mean","nagel.valid_mean","plr.valid_mean","cor.valid_mean"
575,0.6,0.2,0.25,0.5,0.002,1,0.2,"relu",0.1,1,0.871190060357104,-21.5802141888516,0.404687602168977,3.7419666413707,0.530333458495273,0.669993059104441,-8.38158543845629,-0.165553426401498,2.0949523704655,0.223797888732176
982,0.6,0.8,0.25,0.25,0.001,2,0.2,"relu",0.9,0.7,0.803029211146469,-25.1483454595659,0.263168105629546,2.2784384238668,0.405928315248844,0.653448672008574,-7.84165669449986,0.00561339025263462,1.53600753584742,0.20081952978224
462,0.2,0.6,1,0,0.001,2,0.2,"relu",0,0,0.766112609789712,-26.9597454834933,0.194835506664374,1.80519963897679,0.346397616719356,0.613850765205064,-7.90754106279291,0.0111786960319716,1.27569532550742,0.147434657314738
399,0.6,0.2,1,1,0.002,1,0.1,"relu",0.3,0.6,0.902366526376281,-19.1654679304179,0.491828832262723,5.51131319401446,0.602274652551562,0.653708533219482,-9.41064299060823,-0.517498037748723,18.7948222947132,0.198839924827725
575,0.6,0.2,0.25,0.5,0.002,1,0.2,"relu",0.1,1,0.871190060357104,-21.5802141888516,0.404687602168977,3.7419666413707,0.530333458495273,0.669993059104441,-8.38158543845629,-0.165553426401498,2.0949523704655,0.223797888732176
