"tr","lambda.env","alpha.env","lambda.sp","alpha.sp","lr","hidden.ind","drop","acti.sp","lambda.bio","alpha.bio","AUC.train_mean","ll.train_mean","nagel.train_mean","plr.train_mean","cor.train_mean","AUC.valid_mean","ll.valid_mean","nagel.valid_mean","plr.valid_mean","cor.valid_mean"
168,0,0.2,0.25,1,0.002,1,0.1,"relu",1,0.3,0.735614761649236,-27.7538804662676,0.156531313130328,1.60968287821737,0.311104363133512,0.61061365490021,-7.98935470893931,0.0060840627486284,1.25679062642688,0.143856158933593
519,0.8,0.2,0.25,0.75,0.002,2,0.1,"relu",0.6,0.3,0.72945358462741,-27.9315381351557,0.147130933303097,1.56241266890152,0.298028163156803,0.60820971625366,-7.90794652875933,0.0152822758535445,1.24357057721252,0.1413512927627
782,1,0.8,0.75,0.5,0.002,1,0.2,"relu",0.1,0.5,0.684832799483661,-29.2050390100663,0.0959590780890092,1.35352558207248,0.239568387980657,0.590983270405678,-7.96439933980933,0.0189752183439197,1.14122623275664,0.119933208145596
830,1,1,0,0,0.002,1,0.1,"relu",0.9,0.1,0.7216456416645,-28.0409951765151,0.145074780479253,1.70452010724662,0.289166794964418,0.595615423422478,-8.41361315474501,-0.0757040260432772,1.30234977584421,0.120385107913874
313,0,0.4,0.5,1,0.002,1,0.1,"relu",0.1,0.7,0.739133588699015,-27.7550800187828,0.156390056696758,1.5913889725077,0.312587448534685,0.608544795894713,-7.99528342237435,0.0124319257979563,1.28330380979666,0.14572791519001
