"tr","lambda.env","alpha.env","lambda.sp","alpha.sp","lr","hidden.ind","drop","acti.sp","lambda.bio","alpha.bio","AUC.train_mean","ll.train_mean","nagel.train_mean","plr.train_mean","cor.train_mean","AUC.valid_mean","ll.valid_mean","nagel.valid_mean","plr.valid_mean","cor.valid_mean"
374,0,0,0.5,0.75,0.002,1,0.2,"relu",0.2,0.1,0.860050962541591,-27.1058169278062,0.374538900702854,3.85117286631297,0.493203618690137,0.667484551868009,-10.2903652064841,-0.210498767047911,2.35936509497065,0.209108276397417
917,0,0,1,0.75,0.001,2,0.2,"relu",0.9,0.7,0.80483116149382,-30.5431660639054,0.263390322983416,2.53784473268815,0.396272475442561,0.650852023726186,-9.62843840088031,-0.0112969455640315,1.74069544711511,0.19243710512423
918,0.2,0.6,0.25,1,0.001,2,0.2,"relu",0.4,0,0.702778558931976,-36.06643071819,0.0796312809924259,1.23244877039388,0.2469717310711,0.586058979710998,-9.6644610785745,0.0184242677950301,1.08880165356988,0.107793844291963
487,0,0.4,0.5,0.25,0.002,1,0.1,"relu",0,0.8,0.81977503558958,-34.3877877494158,0.239573166028818,5.98896414668175,0.405784584777422,0.625818776875478,-14.0165558626275,-0.874107849290027,60.6659460918721,0.137153162901519
374,0,0,0.5,0.75,0.002,1,0.2,"relu",0.2,0.1,0.860050962541591,-27.1058169278062,0.374538900702854,3.85117286631297,0.493203618690137,0.667484551868009,-10.2903652064841,-0.210498767047911,2.35936509497065,0.209108276397417
